-- phpMyAdmin SQL Dump
-- version 5.1.1
-- https://www.phpmyadmin.net/
--
-- Host: 127.0.0.1
-- Generation Time: Dec 08, 2021 at 07:38 PM
-- Server version: 10.4.21-MariaDB
-- PHP Version: 7.4.23

SET SQL_MODE = "NO_AUTO_VALUE_ON_ZERO";
START TRANSACTION;
SET time_zone = "+00:00";


/*!40101 SET @OLD_CHARACTER_SET_CLIENT=@@CHARACTER_SET_CLIENT */;
/*!40101 SET @OLD_CHARACTER_SET_RESULTS=@@CHARACTER_SET_RESULTS */;
/*!40101 SET @OLD_COLLATION_CONNECTION=@@COLLATION_CONNECTION */;
/*!40101 SET NAMES utf8mb4 */;

--
-- Database: `giftiesiti`
--

-- --------------------------------------------------------

--
-- Table structure for table `ci_sessions`
--

CREATE TABLE `ci_sessions` (
  `id` varchar(128) NOT NULL,
  `ip_address` varchar(45) NOT NULL,
  `timestamp` int(10) UNSIGNED NOT NULL DEFAULT 0,
  `data` blob NOT NULL
) ENGINE=InnoDB DEFAULT CHARSET=utf8mb4;

--
-- Dumping data for table `ci_sessions`
--

INSERT INTO `ci_sessions` (`id`, `ip_address`, `timestamp`, `data`) VALUES
('ufmf2mc8p3avoms6f0n6v7pob16b036f', '::1', 1638952114, 0x5f5f63695f6c6173745f726567656e65726174657c693a313633383935323131343b7265646972656374696f6e7c4e3b5f5f4143544956455f53455353494f4e5f444154417c733a3235363a2236386661313961633365343633626561386165343832636534343465663136656432346434636265373237386336386137386661383038363331383864313130353233343933386264326363356633373430643736316438646530323336616139613166333231393930363439633238376634373765363539633361326462634334564f514476454c426673496f5054614f7a6a5565484631537553446c635a714e486641427a51626c6930336f334e47644e41367651467633672f6963694d37636e6c5667596b634253547045723755784e2b3543653261584f78496863594a67744b3673533365774934616248554b596e496b6d56665a4a627854483857223b),
('oic10ga63ccdk3pdoeauvrfus47m65fq', '::1', 1638952420, 0x5f5f63695f6c6173745f726567656e65726174657c693a313633383935323432303b7265646972656374696f6e7c4e3b5f5f4143544956455f53455353494f4e5f444154417c733a3235363a2236386661313961633365343633626561386165343832636534343465663136656432346434636265373237386336386137386661383038363331383864313130353233343933386264326363356633373430643736316438646530323336616139613166333231393930363439633238376634373765363539633361326462634334564f514476454c426673496f5054614f7a6a5565484631537553446c635a714e486641427a51626c6930336f334e47644e41367651467633672f6963694d37636e6c5667596b634253547045723755784e2b3543653261584f78496863594a67744b3673533365774934616248554b596e496b6d56665a4a627854483857223b),
('uhvi8iofqbtqdlht5q0c0gru1ae7oe38', '::1', 1638952811, 0x5f5f63695f6c6173745f726567656e65726174657c693a313633383935323831313b7265646972656374696f6e7c4e3b5f5f4143544956455f53455353494f4e5f444154417c733a3235363a2236386661313961633365343633626561386165343832636534343465663136656432346434636265373237386336386137386661383038363331383864313130353233343933386264326363356633373430643736316438646530323336616139613166333231393930363439633238376634373765363539633361326462634334564f514476454c426673496f5054614f7a6a5565484631537553446c635a714e486641427a51626c6930336f334e47644e41367651467633672f6963694d37636e6c5667596b634253547045723755784e2b3543653261584f78496863594a67744b3673533365774934616248554b596e496b6d56665a4a627854483857223b),
('s0j241b2s4cjkanqn4tt3ccnm1erh46p', '::1', 1638954254, 0x5f5f63695f6c6173745f726567656e65726174657c693a313633383935343235343b7265646972656374696f6e7c4e3b5f5f4143544956455f53455353494f4e5f444154417c733a3235363a2232623562376633663463636239613064643861386537313837633264316230363930613137306564333466363437373831376638393935326335653966393432366232386636323939633863323038636233633865323965633062623866646464643236343163633736356565323238323531306134663033336638643266325832694456705448777a6657307645714344725a74625957794b2b304c514c324743653273776a6e62342b6a746e30614c58417a39474e6d766575686d2b4e304375725363474576796978644c5668562b2f76364f50466d4b6a595a7966585779435a4b776a6a6563324b65666e45456a5453537a444946686e4c423955576d223b),
('6m799e4be3hm8gf26htbkq463g9ie5pp', '::1', 1638954879, 0x5f5f63695f6c6173745f726567656e65726174657c693a313633383935343837393b7265646972656374696f6e7c4e3b5f5f4143544956455f53455353494f4e5f444154417c733a3235363a226639653732306230313231316263626464623537333462636332343633303432333765633863323939333134396564373966383931313937313766643730313439636262363563303036636630613163616533626163383534363532336135643939313832343838376630653733323234633165373232663234333064613165776678393177774a4649626d314c735832424b36354361336243505a742b4c352f63725a5a686f38464365753255735a4335592f51696e714b70327a6175516e534c704d2f47566a373764324f555865786f42653965313351395a7a356a674f324d61737a4b796e6f6133713169475932706d5a5a72753869776d3677536349223b),
('ilo94877kftuemsc4p8f44olt9sp47ol', '::1', 1638955421, 0x5f5f63695f6c6173745f726567656e65726174657c693a313633383935353432313b5f5f4143544956455f53455353494f4e5f444154417c733a3235363a22666134303662326631373231363265306265656639616531343466386163376165366335386333306562353031333633663761323339373963633465666333386561386337313932343438346137333865383363316165663430623239336563616636343837313363643739666637343530633635343332333832376537373144717252362f6f584d7a445038305174326f46416455574f754c43576b456e58584638636b73384f54632f6c4c393946622b4e47367247345546744459795435337152666275623353433233654c73494e307254426f4163546e6f6b37657a597456414d424c5777586741774d6a3663624f3568386a41617946722f53645657223b),
('2ak8pcivbh2tkg9aej67dfhu8asevlhb', '::1', 1638955860, 0x5f5f63695f6c6173745f726567656e65726174657c693a313633383935353836303b5f5f4143544956455f53455353494f4e5f444154417c733a3235363a22363330306437393563633266633633366537333434386332643332663438663139333665303361633539613939356631373338333936333765383339373237623938383636333138343234633635643831323365333165653466613865316638346462626231646265626134613136656339653730316434633537643738633346654f516339556c4e6b474955613466723849597061733143754843597667357739676d3943445149307752547749434a73683478476e63324e424155734d354235776a322b6b665050346b6d756b526d5571356448714333366c2f376576416f3234547759494f5467523933547731524278786d5446686a56687775634936223b7265646972656374696f6e7c4e3b),
('i6hfckj1gh9mqghh1f3aofqvrfpbl0fg', '::1', 1638956176, 0x5f5f63695f6c6173745f726567656e65726174657c693a313633383935363137363b5f5f4143544956455f53455353494f4e5f444154417c733a3235363a2230663466333164366462363962386432336132373162333964336338343664653830383134323931343430393731663137646465366239653530313331633638323366353831323035646431646432663861323637656364343865626530383033353536636465333234353361623330366463643238306335323961383435626b336d2f4838655839676d5a4859564833646e6463632f443943526e774d4a37442b4e63537a6f7334525472656c326161675255586752566752367845415a65685733784131414a6236482f337149476671544e6d2f7a47386147634771696b4541584a374f6a62423579477037642b6e49573967445173674b4d4f775a6133223b7265646972656374696f6e7c4e3b),
('vbo9fpsinml6colnvi990f0dr2cm1c2d', '::1', 1638956909, 0x5f5f63695f6c6173745f726567656e65726174657c693a313633383935363930393b5f5f4143544956455f53455353494f4e5f444154417c733a3235363a2230663466333164366462363962386432336132373162333964336338343664653830383134323931343430393731663137646465366239653530313331633638323366353831323035646431646432663861323637656364343865626530383033353536636465333234353361623330366463643238306335323961383435626b336d2f4838655839676d5a4859564833646e6463632f443943526e774d4a37442b4e63537a6f7334525472656c326161675255586752566752367845415a65685733784131414a6236482f337149476671544e6d2f7a47386147634771696b4541584a374f6a62423579477037642b6e49573967445173674b4d4f775a6133223b7265646972656374696f6e7c4e3b),
('t3sjtr1064tnpgfbgr4mec2mqdhb40rv', '::1', 1638957563, 0x5f5f63695f6c6173745f726567656e65726174657c693a313633383935373536333b5f5f4143544956455f53455353494f4e5f444154417c733a3235363a2230663466333164366462363962386432336132373162333964336338343664653830383134323931343430393731663137646465366239653530313331633638323366353831323035646431646432663861323637656364343865626530383033353536636465333234353361623330366463643238306335323961383435626b336d2f4838655839676d5a4859564833646e6463632f443943526e774d4a37442b4e63537a6f7334525472656c326161675255586752566752367845415a65685733784131414a6236482f337149476671544e6d2f7a47386147634771696b4541584a374f6a62423579477037642b6e49573967445173674b4d4f775a6133223b7265646972656374696f6e7c4e3b),
('43sd80v76rnnkua974k358t8l39gq1ue', '::1', 1638957886, 0x5f5f63695f6c6173745f726567656e65726174657c693a313633383935373838363b5f5f4143544956455f53455353494f4e5f444154417c733a3235363a2230663466333164366462363962386432336132373162333964336338343664653830383134323931343430393731663137646465366239653530313331633638323366353831323035646431646432663861323637656364343865626530383033353536636465333234353361623330366463643238306335323961383435626b336d2f4838655839676d5a4859564833646e6463632f443943526e774d4a37442b4e63537a6f7334525472656c326161675255586752566752367845415a65685733784131414a6236482f337149476671544e6d2f7a47386147634771696b4541584a374f6a62423579477037642b6e49573967445173674b4d4f775a6133223b7265646972656374696f6e7c4e3b73657474696e67735f666c6173687c733a32373a22426572686173696c206d656e616d62616820646174612062616e6b223b5f5f63695f766172737c613a313a7b733a31343a2273657474696e67735f666c617368223b733a333a226f6c64223b7d),
('66lnlal6hatmm9o57g1c46qpjdhc3fht', '::1', 1638958222, 0x5f5f63695f6c6173745f726567656e65726174657c693a313633383935383232323b5f5f4143544956455f53455353494f4e5f444154417c733a3235363a2230663466333164366462363962386432336132373162333964336338343664653830383134323931343430393731663137646465366239653530313331633638323366353831323035646431646432663861323637656364343865626530383033353536636465333234353361623330366463643238306335323961383435626b336d2f4838655839676d5a4859564833646e6463632f443943526e774d4a37442b4e63537a6f7334525472656c326161675255586752566752367845415a65685733784131414a6236482f337149476671544e6d2f7a47386147634771696b4541584a374f6a62423579477037642b6e49573967445173674b4d4f775a6133223b7265646972656374696f6e7c4e3b),
('qs85qbo05ppmi53a36ejnecn6tbnh67m', '::1', 1638958672, 0x5f5f63695f6c6173745f726567656e65726174657c693a313633383935383637323b5f5f4143544956455f53455353494f4e5f444154417c733a3235363a2230663466333164366462363962386432336132373162333964336338343664653830383134323931343430393731663137646465366239653530313331633638323366353831323035646431646432663861323637656364343865626530383033353536636465333234353361623330366463643238306335323961383435626b336d2f4838655839676d5a4859564833646e6463632f443943526e774d4a37442b4e63537a6f7334525472656c326161675255586752566752367845415a65685733784131414a6236482f337149476671544e6d2f7a47386147634771696b4541584a374f6a62423579477037642b6e49573967445173674b4d4f775a6133223b7265646972656374696f6e7c4e3b),
('2aivhs77lgcr5ifcj6p4en3piige9qco', '::1', 1638959211, 0x5f5f63695f6c6173745f726567656e65726174657c693a313633383935393231313b5f5f4143544956455f53455353494f4e5f444154417c733a3235363a2230663466333164366462363962386432336132373162333964336338343664653830383134323931343430393731663137646465366239653530313331633638323366353831323035646431646432663861323637656364343865626530383033353536636465333234353361623330366463643238306335323961383435626b336d2f4838655839676d5a4859564833646e6463632f443943526e774d4a37442b4e63537a6f7334525472656c326161675255586752566752367845415a65685733784131414a6236482f337149476671544e6d2f7a47386147634771696b4541584a374f6a62423579477037642b6e49573967445173674b4d4f775a6133223b7265646972656374696f6e7c4e3b),
('tjun4lk1t5tu4v06aqojlfosqc0i812r', '::1', 1638959806, 0x5f5f63695f6c6173745f726567656e65726174657c693a313633383935393830363b5f5f4143544956455f53455353494f4e5f444154417c733a3235363a22663435343561313365333234613531663436346265363337383539396666336266666366323836376263316464343462323061356161333637393239646566316336393037666666616633323666623361663233326231626433633664373738623362333561313139336462616161623639626132613036616435366336336171477359625457644e565a333634694373444d58344e436a6e58504d69796a5269686d706b6a656b4c66492b537161372b45754a64527039766e726b613569443155535559497238567261456e763446686d4b4d43557175704e663152504276525a31597347534864496e583233557053397153467750374e424e714b5a595a223b),
('edprv1e7u536ar1dkjl88dg13h5e7k79', '::1', 1638960139, 0x5f5f63695f6c6173745f726567656e65726174657c693a313633383936303133393b5f5f4143544956455f53455353494f4e5f444154417c733a3235363a2262393130393363653066616135303831393734343062616138333065626530633334333565393262616634613136626232663262323830623666633865633363633330353233333436386265373661623537373636316532353432373765306436666361383839663762643637666236373732373363366363626434623536345a6f75555845354e58566a494d6377786e45304d58502b69344d6379785a377537357a416f6536782b7341376b4d38727047305a4867454b38634d654d52366d426644373969704b715069726539502f434c7138397a573155624b727156744c365a2b537a6f3533756b2b4c58507447447258416b394970375464796c665675223b7265646972656374696f6e7c4e3b),
('lu086v39h20dm79fi4eqd64o4ga69i4p', '::1', 1638960503, 0x5f5f63695f6c6173745f726567656e65726174657c693a313633383936303530333b5f5f4143544956455f53455353494f4e5f444154417c733a3235363a2262393130393363653066616135303831393734343062616138333065626530633334333565393262616634613136626232663262323830623666633865633363633330353233333436386265373661623537373636316532353432373765306436666361383839663762643637666236373732373363366363626434623536345a6f75555845354e58566a494d6377786e45304d58502b69344d6379785a377537357a416f6536782b7341376b4d38727047305a4867454b38634d654d52366d426644373969704b715069726539502f434c7138397a573155624b727156744c365a2b537a6f3533756b2b4c58507447447258416b394970375464796c665675223b7265646972656374696f6e7c4e3b),
('juu6e14qlholt8cqbnf48psokcec76sa', '::1', 1638960515, 0x5f5f63695f6c6173745f726567656e65726174657c693a313633383936303530333b5f5f4143544956455f53455353494f4e5f444154417c733a3235363a2262393130393363653066616135303831393734343062616138333065626530633334333565393262616634613136626232663262323830623666633865633363633330353233333436386265373661623537373636316532353432373765306436666361383839663762643637666236373732373363366363626434623536345a6f75555845354e58566a494d6377786e45304d58502b69344d6379785a377537357a416f6536782b7341376b4d38727047305a4867454b38634d654d52366d426644373969704b715069726539502f434c7138397a573155624b727156744c365a2b537a6f3533756b2b4c58507447447258416b394970375464796c665675223b7265646972656374696f6e7c4e3b),
('gdoe2frtfeafavpmba4mfk5e82hm87ab', '::1', 1638969125, 0x5f5f63695f6c6173745f726567656e65726174657c693a313633383936393132353b5f5f4143544956455f53455353494f4e5f444154417c733a3235363a2239636630343834663365616236626639663332343536313530653735626531656130653161333432373361646136626461396234633536646130366139616366306565353262646366356631313235666364396433313063303562373539643066333133633531626339636135353665346531633030613865333137386137394a2f337958546d316e537252617879542b71484d4f2f59755464586547623065624b365a74344b724e6c7374376e66595032496d30663766775230424748464c456e3046565747657838424b55444f6a6336693763724a417837786b3064546d7073764b6c36553367414267487850527273673562306952434d31514f7a6a66223b),
('9otcl29df65648g3n193o6hl65e9ac6q', '::1', 1638969512, 0x5f5f63695f6c6173745f726567656e65726174657c693a313633383936393531323b5f5f4143544956455f53455353494f4e5f444154417c733a3235363a226438663834336130613039666234313630343962303331626163336364333039613865326232633366633036343430616436323965363463333439653364653135666561373433393435336562666634363335636361366664656464663133326161323664366161613662386431653265393439353733306433663066393766632b75677868474e674144756131577563694273726c63615a6d7630395455564f4a6a702b3758652b484341316e333273643472734c4b5031653068517945763272572f56726337613558416c554c735442526d6f487266447152546d504d5559364f4f4e53304e3579724d6734424e6f6a4661636d49352f524d6f7a494d37223b7265646972656374696f6e7c4e3b),
('igdea8aqlnn4kt9uvgep9vv4k45r3mhv', '::1', 1638969831, 0x5f5f63695f6c6173745f726567656e65726174657c693a313633383936393833313b5f5f4143544956455f53455353494f4e5f444154417c733a3235363a226438663834336130613039666234313630343962303331626163336364333039613865326232633366633036343430616436323965363463333439653364653135666561373433393435336562666634363335636361366664656464663133326161323664366161613662386431653265393439353733306433663066393766632b75677868474e674144756131577563694273726c63615a6d7630395455564f4a6a702b3758652b484341316e333273643472734c4b5031653068517945763272572f56726337613558416c554c735442526d6f487266447152546d504d5559364f4f4e53304e3579724d6734424e6f6a4661636d49352f524d6f7a494d37223b7265646972656374696f6e7c4e3b),
('d8e7boepf8tf26o66hemrf3li0olcdgv', '::1', 1638970384, 0x5f5f63695f6c6173745f726567656e65726174657c693a313633383937303338343b5f5f4143544956455f53455353494f4e5f444154417c733a3235363a226438663834336130613039666234313630343962303331626163336364333039613865326232633366633036343430616436323965363463333439653364653135666561373433393435336562666634363335636361366664656464663133326161323664366161613662386431653265393439353733306433663066393766632b75677868474e674144756131577563694273726c63615a6d7630395455564f4a6a702b3758652b484341316e333273643472734c4b5031653068517945763272572f56726337613558416c554c735442526d6f487266447152546d504d5559364f4f4e53304e3579724d6734424e6f6a4661636d49352f524d6f7a494d37223b7265646972656374696f6e7c4e3b),
('ugipc3d28iv9cbphbemj6u6e0539a6am', '::1', 1638970708, 0x5f5f63695f6c6173745f726567656e65726174657c693a313633383937303730383b5f5f4143544956455f53455353494f4e5f444154417c733a3235363a226438663834336130613039666234313630343962303331626163336364333039613865326232633366633036343430616436323965363463333439653364653135666561373433393435336562666634363335636361366664656464663133326161323664366161613662386431653265393439353733306433663066393766632b75677868474e674144756131577563694273726c63615a6d7630395455564f4a6a702b3758652b484341316e333273643472734c4b5031653068517945763272572f56726337613558416c554c735442526d6f487266447152546d504d5559364f4f4e53304e3579724d6734424e6f6a4661636d49352f524d6f7a494d37223b7265646972656374696f6e7c4e3b),
('34rv2rbni0dq8blddp97cfl3qobc9n3k', '::1', 1638971762, 0x5f5f63695f6c6173745f726567656e65726174657c693a313633383937313736323b5f5f4143544956455f53455353494f4e5f444154417c733a3235363a226438663834336130613039666234313630343962303331626163336364333039613865326232633366633036343430616436323965363463333439653364653135666561373433393435336562666634363335636361366664656464663133326161323664366161613662386431653265393439353733306433663066393766632b75677868474e674144756131577563694273726c63615a6d7630395455564f4a6a702b3758652b484341316e333273643472734c4b5031653068517945763272572f56726337613558416c554c735442526d6f487266447152546d504d5559364f4f4e53304e3579724d6734424e6f6a4661636d49352f524d6f7a494d37223b7265646972656374696f6e7c4e3b),
('6v1b824vvuhbmg52lkjbh54okp70pibp', '::1', 1638972213, 0x5f5f63695f6c6173745f726567656e65726174657c693a313633383937323231333b5f5f4143544956455f53455353494f4e5f444154417c733a3235363a226438663834336130613039666234313630343962303331626163336364333039613865326232633366633036343430616436323965363463333439653364653135666561373433393435336562666634363335636361366664656464663133326161323664366161613662386431653265393439353733306433663066393766632b75677868474e674144756131577563694273726c63615a6d7630395455564f4a6a702b3758652b484341316e333273643472734c4b5031653068517945763272572f56726337613558416c554c735442526d6f487266447152546d504d5559364f4f4e53304e3579724d6734424e6f6a4661636d49352f524d6f7a494d37223b7265646972656374696f6e7c4e3b),
('h653t62pp5cv88vq6kbnrcssoukamdff', '::1', 1638972607, 0x5f5f63695f6c6173745f726567656e65726174657c693a313633383937323630373b5f5f4143544956455f53455353494f4e5f444154417c733a3235363a226438663834336130613039666234313630343962303331626163336364333039613865326232633366633036343430616436323965363463333439653364653135666561373433393435336562666634363335636361366664656464663133326161323664366161613662386431653265393439353733306433663066393766632b75677868474e674144756131577563694273726c63615a6d7630395455564f4a6a702b3758652b484341316e333273643472734c4b5031653068517945763272572f56726337613558416c554c735442526d6f487266447152546d504d5559364f4f4e53304e3579724d6734424e6f6a4661636d49352f524d6f7a494d37223b7265646972656374696f6e7c4e3b),
('l0j2c1o98cqrgmglosb4bmfkija7j3bs', '::1', 1638973005, 0x5f5f63695f6c6173745f726567656e65726174657c693a313633383937333030353b5f5f4143544956455f53455353494f4e5f444154417c733a3235363a226438663834336130613039666234313630343962303331626163336364333039613865326232633366633036343430616436323965363463333439653364653135666561373433393435336562666634363335636361366664656464663133326161323664366161613662386431653265393439353733306433663066393766632b75677868474e674144756131577563694273726c63615a6d7630395455564f4a6a702b3758652b484341316e333273643472734c4b5031653068517945763272572f56726337613558416c554c735442526d6f487266447152546d504d5559364f4f4e53304e3579724d6734424e6f6a4661636d49352f524d6f7a494d37223b7265646972656374696f6e7c4e3b),
('566lpfr0fvilh409vtcf22lbtck6vfoe', '::1', 1638973330, 0x5f5f63695f6c6173745f726567656e65726174657c693a313633383937333333303b5f5f4143544956455f53455353494f4e5f444154417c733a3235363a226438663834336130613039666234313630343962303331626163336364333039613865326232633366633036343430616436323965363463333439653364653135666561373433393435336562666634363335636361366664656464663133326161323664366161613662386431653265393439353733306433663066393766632b75677868474e674144756131577563694273726c63615a6d7630395455564f4a6a702b3758652b484341316e333273643472734c4b5031653068517945763272572f56726337613558416c554c735442526d6f487266447152546d504d5559364f4f4e53304e3579724d6734424e6f6a4661636d49352f524d6f7a494d37223b7265646972656374696f6e7c4e3b),
('f3m3t2o3k9cr5720912iu4edl88sc96l', '::1', 1638973651, 0x5f5f63695f6c6173745f726567656e65726174657c693a313633383937333635313b5f5f4143544956455f53455353494f4e5f444154417c733a3235363a226438663834336130613039666234313630343962303331626163336364333039613865326232633366633036343430616436323965363463333439653364653135666561373433393435336562666634363335636361366664656464663133326161323664366161613662386431653265393439353733306433663066393766632b75677868474e674144756131577563694273726c63615a6d7630395455564f4a6a702b3758652b484341316e333273643472734c4b5031653068517945763272572f56726337613558416c554c735442526d6f487266447152546d504d5559364f4f4e53304e3579724d6734424e6f6a4661636d49352f524d6f7a494d37223b7265646972656374696f6e7c4e3b),
('t2pi0lqnk41bkifpdsrluhc0iu5t4nrc', '::1', 1638973957, 0x5f5f63695f6c6173745f726567656e65726174657c693a313633383937333935373b5f5f4143544956455f53455353494f4e5f444154417c733a3235363a226438663834336130613039666234313630343962303331626163336364333039613865326232633366633036343430616436323965363463333439653364653135666561373433393435336562666634363335636361366664656464663133326161323664366161613662386431653265393439353733306433663066393766632b75677868474e674144756131577563694273726c63615a6d7630395455564f4a6a702b3758652b484341316e333273643472734c4b5031653068517945763272572f56726337613558416c554c735442526d6f487266447152546d504d5559364f4f4e53304e3579724d6734424e6f6a4661636d49352f524d6f7a494d37223b7265646972656374696f6e7c4e3b),
('v6qt8pmgbgjtbo332b3s0jr8v53rrfi4', '::1', 1638974329, 0x5f5f63695f6c6173745f726567656e65726174657c693a313633383937343332393b5f5f4143544956455f53455353494f4e5f444154417c733a3235363a226438663834336130613039666234313630343962303331626163336364333039613865326232633366633036343430616436323965363463333439653364653135666561373433393435336562666634363335636361366664656464663133326161323664366161613662386431653265393439353733306433663066393766632b75677868474e674144756131577563694273726c63615a6d7630395455564f4a6a702b3758652b484341316e333273643472734c4b5031653068517945763272572f56726337613558416c554c735442526d6f487266447152546d504d5559364f4f4e53304e3579724d6734424e6f6a4661636d49352f524d6f7a494d37223b7265646972656374696f6e7c4e3b),
('66bi86g6r44g4oc456dd3ockmpf78tuv', '::1', 1638974844, 0x5f5f63695f6c6173745f726567656e65726174657c693a313633383937343834343b5f5f4143544956455f53455353494f4e5f444154417c733a3235363a226438663834336130613039666234313630343962303331626163336364333039613865326232633366633036343430616436323965363463333439653364653135666561373433393435336562666634363335636361366664656464663133326161323664366161613662386431653265393439353733306433663066393766632b75677868474e674144756131577563694273726c63615a6d7630395455564f4a6a702b3758652b484341316e333273643472734c4b5031653068517945763272572f56726337613558416c554c735442526d6f487266447152546d504d5559364f4f4e53304e3579724d6734424e6f6a4661636d49352f524d6f7a494d37223b7265646972656374696f6e7c4e3b),
('7evb3nfieaj4qj6bqp2prh7rc7uj1jk8', '::1', 1638975154, 0x5f5f63695f6c6173745f726567656e65726174657c693a313633383937353135343b5f5f4143544956455f53455353494f4e5f444154417c733a3235363a226438663834336130613039666234313630343962303331626163336364333039613865326232633366633036343430616436323965363463333439653364653135666561373433393435336562666634363335636361366664656464663133326161323664366161613662386431653265393439353733306433663066393766632b75677868474e674144756131577563694273726c63615a6d7630395455564f4a6a702b3758652b484341316e333273643472734c4b5031653068517945763272572f56726337613558416c554c735442526d6f487266447152546d504d5559364f4f4e53304e3579724d6734424e6f6a4661636d49352f524d6f7a494d37223b7265646972656374696f6e7c4e3b),
('uvu2l5j245kda9qpi24138mhaanor5oh', '::1', 1638975488, 0x5f5f63695f6c6173745f726567656e65726174657c693a313633383937353438383b5f5f4143544956455f53455353494f4e5f444154417c733a3235363a226438663834336130613039666234313630343962303331626163336364333039613865326232633366633036343430616436323965363463333439653364653135666561373433393435336562666634363335636361366664656464663133326161323664366161613662386431653265393439353733306433663066393766632b75677868474e674144756131577563694273726c63615a6d7630395455564f4a6a702b3758652b484341316e333273643472734c4b5031653068517945763272572f56726337613558416c554c735442526d6f487266447152546d504d5559364f4f4e53304e3579724d6734424e6f6a4661636d49352f524d6f7a494d37223b7265646972656374696f6e7c4e3b),
('43cuqr9qk7ri8hbvocsh5slqibcvrd40', '::1', 1638975813, 0x5f5f63695f6c6173745f726567656e65726174657c693a313633383937353831333b5f5f4143544956455f53455353494f4e5f444154417c733a3235363a226438663834336130613039666234313630343962303331626163336364333039613865326232633366633036343430616436323965363463333439653364653135666561373433393435336562666634363335636361366664656464663133326161323664366161613662386431653265393439353733306433663066393766632b75677868474e674144756131577563694273726c63615a6d7630395455564f4a6a702b3758652b484341316e333273643472734c4b5031653068517945763272572f56726337613558416c554c735442526d6f487266447152546d504d5559364f4f4e53304e3579724d6734424e6f6a4661636d49352f524d6f7a494d37223b7265646972656374696f6e7c4e3b),
('rh7a0ts9rih2b9vkm6240051tp7qpqpb', '::1', 1638976164, 0x5f5f63695f6c6173745f726567656e65726174657c693a313633383937363136343b5f5f4143544956455f53455353494f4e5f444154417c733a3235363a226438663834336130613039666234313630343962303331626163336364333039613865326232633366633036343430616436323965363463333439653364653135666561373433393435336562666634363335636361366664656464663133326161323664366161613662386431653265393439353733306433663066393766632b75677868474e674144756131577563694273726c63615a6d7630395455564f4a6a702b3758652b484341316e333273643472734c4b5031653068517945763272572f56726337613558416c554c735442526d6f487266447152546d504d5559364f4f4e53304e3579724d6734424e6f6a4661636d49352f524d6f7a494d37223b7265646972656374696f6e7c4e3b),
('9ge2obrfqojrqjbutuj43mt4ol51e4io', '::1', 1638976499, 0x5f5f63695f6c6173745f726567656e65726174657c693a313633383937363439393b5f5f4143544956455f53455353494f4e5f444154417c733a3235363a2234363365646232323063386165303166626133623837653830323934336335376235653330366533363665323565323462363438373832633563653532616534326434636566393536656232303863363161653831646439316135333731643263366663363937386137306135613263633363333034353432653431613439644430485a466c336266736848423341585964644153375568334f656a6674444a6b47376c69766565596a4557717a6f4546656b5056494c4b6e74333055614158306d62626d2f7a673169584a6b585467692f7165304d69324932313863624f47506356376a7832783667617636594f70343043417a312f716a48464946615467223b),
('ln683tpbpf09sfjfrofbmj6lc8gsjs76', '::1', 1638976852, 0x5f5f63695f6c6173745f726567656e65726174657c693a313633383937363835323b5f5f4143544956455f53455353494f4e5f444154417c733a3235363a22353263636539333839386431353936346662393633313634663130386564656431333136356434386137366336653235343633613239333931653562323363616565623162633966623363636434643763346663643930303034313731306539643439303036643431613863323630343665326566353536366434373266366477376753644a726671724f2b44626e5434726b38714d7364584d6e5a7378644a4c5432796b694b45526d5a6537457372726c7149434268336a6361456b4b5542312f716a68455444336178416a424e704d3849514e704a32694f614f575473415249506b5a45734e4a3557304d4131497143716445454b42447a426755385769223b),
('hh56ail7n10valtvc28dtndo355v78e4', '::1', 1638977221, 0x5f5f63695f6c6173745f726567656e65726174657c693a313633383937373232313b5f5f4143544956455f53455353494f4e5f444154417c733a3235363a2230393164616434303236343739653438636133373237613362303465646330626536346530663864316664636461613261383961626361326333396566363761383865653738623461376262343936613965306136376134613738326166653932346663333534353963396434626464663765323463323737613536623464386869475343494d66615537486c5075354c536e33697774367177397954796637514b5733614c746268667074576236697151626c4e7963312f747062762b6a424971504d494b3250714a37754165765449556a685a4965674d6f494a564f6962704e4a514b574f396d742f36326577574348437147324365467456654e302b52223b7265646972656374696f6e7c4e3b),
('0f8k8do0q5rfbkgt8rmhn823ah698rb4', '::1', 1638977523, 0x5f5f63695f6c6173745f726567656e65726174657c693a313633383937373532333b5f5f4143544956455f53455353494f4e5f444154417c733a3235363a2235383136316131653534303931313739313262653532663636633265656535336263313364353763363238663330646633346234386131363630316136643234353031633766373762336339653839393264633265646638323163353263326334316639323038393465643036613963643864323634393739393730633836324f79746f6f6641573564574655565234744a3564306d7a6f574c746a6b74505962362b314a6a74507576576b383937305750436f394a4c484c456348326579497647524e453454425a6f7951436c78586876525547777167346f3256324979705478776e515652533358793449774c7143733873583548545539444462317943223b),
('h8v06h93iljq2r2dpv1f076pda2neuqh', '::1', 1638977896, 0x5f5f63695f6c6173745f726567656e65726174657c693a313633383937373839363b5f5f4143544956455f53455353494f4e5f444154417c733a3235363a226266306265373739373239326438376466623130353934626466383435393336316334383632313633646161623734383061303563323232326130373138393837623361663838633030363532383938633164333932626138336565636238373131613035383434646362323262386139393539343065626538346662356435614351776d51734c39676c50466e357a50316f6669714c417270737a35746b677052792f4a487a7638336b4931696768417462375a61446f533475654d4347774f482b5a56514f41354f3558323253667263764f6c574b6b733954553074764b7472514d4b4e42315249522f364b694e6b6d5449476864516a7945764e353949223b),
('jnbbsiph6e3215ollhi0hg3610e5hr52', '::1', 1638978208, 0x5f5f63695f6c6173745f726567656e65726174657c693a313633383937383230383b5f5f4143544956455f53455353494f4e5f444154417c733a3235363a22356536633335383734313034383832613732616639306134633339353936376236626236653936303861656139623230663933366337333631376239643334313437326262653463616337373731666464316530383266616232643132663337653534376262353038303264626437623965646638343632316632656536653271554b365a633452476a2b42363832375874726457544a35784c30566a43743063714d53307332736f49684968384e4737653064574a4d76566f386b766552785155534c4a6578315339796854766266776c674e34484f4e69696f664768586b724b543061724d366d65684d466f465a7073426c2f786135696c3557627a5866223b),
('5onmg6pn0h8u3u3kbu2p3q3ps7j27dmq', '::1', 1638978528, 0x5f5f63695f6c6173745f726567656e65726174657c693a313633383937383532383b5f5f4143544956455f53455353494f4e5f444154417c733a3235363a22356536633335383734313034383832613732616639306134633339353936376236626236653936303861656139623230663933366337333631376239643334313437326262653463616337373731666464316530383266616232643132663337653534376262353038303264626437623965646638343632316632656536653271554b365a633452476a2b42363832375874726457544a35784c30566a43743063714d53307332736f49684968384e4737653064574a4d76566f386b766552785155534c4a6578315339796854766266776c674e34484f4e69696f664768586b724b543061724d366d65684d466f465a7073426c2f786135696c3557627a5866223b636172745f636f6e74656e74737c613a353a7b733a31303a22636172745f746f74616c223b643a3236303030303b733a31313a22746f74616c5f6974656d73223b643a333b733a33323a226334636134323338613062393233383230646363353039613666373538343962223b613a363a7b733a323a226964223b733a313a2231223b733a333a22717479223b643a313b733a353a227072696365223b643a3130303030303b733a343a226e616d65223b733a31373a2242756e6761204d61776172205075746968223b733a353a22726f776964223b733a33323a226334636134323338613062393233383230646363353039613666373538343962223b733a383a22737562746f74616c223b643a3130303030303b7d733a33323a226138376666363739613266336537316439313831613637623735343231323263223b613a363a7b733a323a226964223b733a313a2234223b733a333a22717479223b643a313b733a353a227072696365223b643a38303030303b733a343a226e616d65223b733a33303a2242756e6761204d61776172204d6572616820556b7572616e204b6563696c223b733a353a22726f776964223b733a33323a226138376666363739613266336537316439313831613637623735343231323263223b733a383a22737562746f74616c223b643a38303030303b7d733a33323a226339663066383935666239386162393135396635316664303239376532333664223b613a363a7b733a323a226964223b733a313a2238223b733a333a22717479223b643a313b733a353a227072696365223b643a38303030303b733a343a226e616d65223b733a363a22426f6e656b61223b733a353a22726f776964223b733a33323a226339663066383935666239386162393135396635316664303239376532333664223b733a383a22737562746f74616c223b643a38303030303b7d7d),
('qmr8u2a2tldqfrvbiglu889gtk4lalb0', '::1', 1638978867, 0x5f5f63695f6c6173745f726567656e65726174657c693a313633383937383836373b5f5f4143544956455f53455353494f4e5f444154417c733a3235363a22356536633335383734313034383832613732616639306134633339353936376236626236653936303861656139623230663933366337333631376239643334313437326262653463616337373731666464316530383266616232643132663337653534376262353038303264626437623965646638343632316632656536653271554b365a633452476a2b42363832375874726457544a35784c30566a43743063714d53307332736f49684968384e4737653064574a4d76566f386b766552785155534c4a6578315339796854766266776c674e34484f4e69696f664768586b724b543061724d366d65684d466f465a7073426c2f786135696c3557627a5866223b636172745f636f6e74656e74737c613a353a7b733a31303a22636172745f746f74616c223b643a3236303030303b733a31313a22746f74616c5f6974656d73223b643a333b733a33323a226334636134323338613062393233383230646363353039613666373538343962223b613a363a7b733a323a226964223b733a313a2231223b733a333a22717479223b643a313b733a353a227072696365223b643a3130303030303b733a343a226e616d65223b733a31373a2242756e6761204d61776172205075746968223b733a353a22726f776964223b733a33323a226334636134323338613062393233383230646363353039613666373538343962223b733a383a22737562746f74616c223b643a3130303030303b7d733a33323a226138376666363739613266336537316439313831613637623735343231323263223b613a363a7b733a323a226964223b733a313a2234223b733a333a22717479223b643a313b733a353a227072696365223b643a38303030303b733a343a226e616d65223b733a33303a2242756e6761204d61776172204d6572616820556b7572616e204b6563696c223b733a353a22726f776964223b733a33323a226138376666363739613266336537316439313831613637623735343231323263223b733a383a22737562746f74616c223b643a38303030303b7d733a33323a226339663066383935666239386162393135396635316664303239376532333664223b613a363a7b733a323a226964223b733a313a2238223b733a333a22717479223b643a313b733a353a227072696365223b643a38303030303b733a343a226e616d65223b733a363a22426f6e656b61223b733a353a22726f776964223b733a33323a226339663066383935666239386162393135396635316664303239376532333664223b733a383a22737562746f74616c223b643a38303030303b7d7d6f726465725f7175616e746974797c613a333a7b693a313b613a323a7b733a333a22717479223b643a313b733a353a227072696365223b643a3130303030303b7d693a343b613a323a7b733a333a22717479223b643a313b733a353a227072696365223b643a38303030303b7d693a383b613a323a7b733a333a22717479223b643a313b733a353a227072696365223b643a38303030303b7d7d746f74616c5f70726963657c643a3236303030303b),
('47l55jonf4uqfhiv7c0gl8kl0ujt719k', '::1', 1638979250, 0x5f5f63695f6c6173745f726567656e65726174657c693a313633383937393235303b5f5f4143544956455f53455353494f4e5f444154417c733a3235363a22356536633335383734313034383832613732616639306134633339353936376236626236653936303861656139623230663933366337333631376239643334313437326262653463616337373731666464316530383266616232643132663337653534376262353038303264626437623965646638343632316632656536653271554b365a633452476a2b42363832375874726457544a35784c30566a43743063714d53307332736f49684968384e4737653064574a4d76566f386b766552785155534c4a6578315339796854766266776c674e34484f4e69696f664768586b724b543061724d366d65684d466f465a7073426c2f786135696c3557627a5866223b),
('prkpagdqvppr0r06e1hu0mc8p81fqou0', '::1', 1638979554, 0x5f5f63695f6c6173745f726567656e65726174657c693a313633383937393535343b5f5f4143544956455f53455353494f4e5f444154417c733a3235363a22356536633335383734313034383832613732616639306134633339353936376236626236653936303861656139623230663933366337333631376239643334313437326262653463616337373731666464316530383266616232643132663337653534376262353038303264626437623965646638343632316632656536653271554b365a633452476a2b42363832375874726457544a35784c30566a43743063714d53307332736f49684968384e4737653064574a4d76566f386b766552785155534c4a6578315339796854766266776c674e34484f4e69696f664768586b724b543061724d366d65684d466f465a7073426c2f786135696c3557627a5866223b),
('uol7olb8f907qi4ipbuf73jja7h4tlkr', '::1', 1638979891, 0x5f5f63695f6c6173745f726567656e65726174657c693a313633383937393839313b5f5f4143544956455f53455353494f4e5f444154417c733a3235363a22356536633335383734313034383832613732616639306134633339353936376236626236653936303861656139623230663933366337333631376239643334313437326262653463616337373731666464316530383266616232643132663337653534376262353038303264626437623965646638343632316632656536653271554b365a633452476a2b42363832375874726457544a35784c30566a43743063714d53307332736f49684968384e4737653064574a4d76566f386b766552785155534c4a6578315339796854766266776c674e34484f4e69696f664768586b724b543061724d366d65684d466f465a7073426c2f786135696c3557627a5866223b),
('qehm1cnkqvq4f5c6pjmia2kgf5geom6g', '::1', 1638980195, 0x5f5f63695f6c6173745f726567656e65726174657c693a313633383938303139353b5f5f4143544956455f53455353494f4e5f444154417c733a3235363a22356536633335383734313034383832613732616639306134633339353936376236626236653936303861656139623230663933366337333631376239643334313437326262653463616337373731666464316530383266616232643132663337653534376262353038303264626437623965646638343632316632656536653271554b365a633452476a2b42363832375874726457544a35784c30566a43743063714d53307332736f49684968384e4737653064574a4d76566f386b766552785155534c4a6578315339796854766266776c674e34484f4e69696f664768586b724b543061724d366d65684d466f465a7073426c2f786135696c3557627a5866223b),
('28a909gho3ah2nl66j187ukesnkg5u43', '::1', 1638980563, 0x5f5f63695f6c6173745f726567656e65726174657c693a313633383938303536333b5f5f4143544956455f53455353494f4e5f444154417c733a3235363a22356536633335383734313034383832613732616639306134633339353936376236626236653936303861656139623230663933366337333631376239643334313437326262653463616337373731666464316530383266616232643132663337653534376262353038303264626437623965646638343632316632656536653271554b365a633452476a2b42363832375874726457544a35784c30566a43743063714d53307332736f49684968384e4737653064574a4d76566f386b766552785155534c4a6578315339796854766266776c674e34484f4e69696f664768586b724b543061724d366d65684d466f465a7073426c2f786135696c3557627a5866223b),
('oks5utgbkn6bhibqrcnmst23n9fgutv6', '::1', 1638980907, 0x5f5f63695f6c6173745f726567656e65726174657c693a313633383938303930373b5f5f4143544956455f53455353494f4e5f444154417c733a3235363a22356536633335383734313034383832613732616639306134633339353936376236626236653936303861656139623230663933366337333631376239643334313437326262653463616337373731666464316530383266616232643132663337653534376262353038303264626437623965646638343632316632656536653271554b365a633452476a2b42363832375874726457544a35784c30566a43743063714d53307332736f49684968384e4737653064574a4d76566f386b766552785155534c4a6578315339796854766266776c674e34484f4e69696f664768586b724b543061724d366d65684d466f465a7073426c2f786135696c3557627a5866223b),
('t00jtf210r5t9b4esnnel8c4i3cvn7jd', '::1', 1638981211, 0x5f5f63695f6c6173745f726567656e65726174657c693a313633383938313231313b7265646972656374696f6e7c4e3b5f5f4143544956455f53455353494f4e5f444154417c733a3235363a223163643536383439393765643066663337383462356462656664666463663732393635333264353734393166666632353730393231643034663661386366633831376131663337333835353761323561623462373937613035373437613437343361383130333463313630343132626163623736653837656338646635326438336d426d7a4e547732305a54374d34626a527745584956744b505530516975342b465931554954746d47346e713976347373755138543079487a33483732712b433755794f504e65374e2f6a6b4241334e5371696d444435445336564b514a3230356a504736494e434844726f55317764596f3175784744714f69356c4f6652223b),
('qosgo0dbpmbqrn8f9b3ld2j3bp8riq77', '::1', 1638981516, 0x5f5f63695f6c6173745f726567656e65726174657c693a313633383938313531363b7265646972656374696f6e7c4e3b5f5f4143544956455f53455353494f4e5f444154417c733a3235363a223163643536383439393765643066663337383462356462656664666463663732393635333264353734393166666632353730393231643034663661386366633831376131663337333835353761323561623462373937613035373437613437343361383130333463313630343132626163623736653837656338646635326438336d426d7a4e547732305a54374d34626a527745584956744b505530516975342b465931554954746d47346e713976347373755138543079487a33483732712b433755794f504e65374e2f6a6b4241334e5371696d444435445336564b514a3230356a504736494e434844726f55317764596f3175784744714f69356c4f6652223b),
('65cbg9e5nk3h5cn32doei41l4h6a0p6h', '::1', 1638981824, 0x5f5f63695f6c6173745f726567656e65726174657c693a313633383938313832343b7265646972656374696f6e7c4e3b5f5f4143544956455f53455353494f4e5f444154417c733a3235363a223163643536383439393765643066663337383462356462656664666463663732393635333264353734393166666632353730393231643034663661386366633831376131663337333835353761323561623462373937613035373437613437343361383130333463313630343132626163623736653837656338646635326438336d426d7a4e547732305a54374d34626a527745584956744b505530516975342b465931554954746d47346e713976347373755138543079487a33483732712b433755794f504e65374e2f6a6b4241334e5371696d444435445336564b514a3230356a504736494e434844726f55317764596f3175784744714f69356c4f6652223b),
('uf9heo7aaavm13dd5t7lla3fbs5oju1q', '::1', 1638982171, 0x5f5f63695f6c6173745f726567656e65726174657c693a313633383938323137313b7265646972656374696f6e7c4e3b5f5f4143544956455f53455353494f4e5f444154417c733a3235363a223163643536383439393765643066663337383462356462656664666463663732393635333264353734393166666632353730393231643034663661386366633831376131663337333835353761323561623462373937613035373437613437343361383130333463313630343132626163623736653837656338646635326438336d426d7a4e547732305a54374d34626a527745584956744b505530516975342b465931554954746d47346e713976347373755138543079487a33483732712b433755794f504e65374e2f6a6b4241334e5371696d444435445336564b514a3230356a504736494e434844726f55317764596f3175784744714f69356c4f6652223b),
('bh86bb59d19chtve3unhklc541p1o9kr', '::1', 1638983057, 0x5f5f63695f6c6173745f726567656e65726174657c693a313633383938333035373b7265646972656374696f6e7c4e3b5f5f4143544956455f53455353494f4e5f444154417c733a3235363a223633323336366433643235316262313266323433373435313361313737633465353262386266383566636632326234356437313161346639333636343130373835656561643031626430336434316230343039663938663663383633376533643462333865663434393064333135353438386231366265633035376336373432686a6873713838626f50724a45492f3041345972744f6c6d4d594d516a506551384d48776150307a616b37414f314964493255765641656c674e526f2f42652f627954755731494964715374713163645269566b4730303573702b544468662f526530314e6c496a4348684b6e584a4d47684e6664356a50495a474a30444865223b),
('v7fe4k72mu4nsbukr7q7i5huvbq7eii5', '::1', 1638983363, 0x5f5f63695f6c6173745f726567656e65726174657c693a313633383938333336333b7265646972656374696f6e7c4e3b5f5f4143544956455f53455353494f4e5f444154417c733a3235363a223633323336366433643235316262313266323433373435313361313737633465353262386266383566636632326234356437313161346639333636343130373835656561643031626430336434316230343039663938663663383633376533643462333865663434393064333135353438386231366265633035376336373432686a6873713838626f50724a45492f3041345972744f6c6d4d594d516a506551384d48776150307a616b37414f314964493255765641656c674e526f2f42652f627954755731494964715374713163645269566b4730303573702b544468662f526530314e6c496a4348684b6e584a4d47684e6664356a50495a474a30444865223b),
('5i7d5he4cin7assh5t6343tm2n1jn144', '::1', 1638983664, 0x5f5f63695f6c6173745f726567656e65726174657c693a313633383938333636343b7265646972656374696f6e7c4e3b5f5f4143544956455f53455353494f4e5f444154417c733a3235363a223633323336366433643235316262313266323433373435313361313737633465353262386266383566636632326234356437313161346639333636343130373835656561643031626430336434316230343039663938663663383633376533643462333865663434393064333135353438386231366265633035376336373432686a6873713838626f50724a45492f3041345972744f6c6d4d594d516a506551384d48776150307a616b37414f314964493255765641656c674e526f2f42652f627954755731494964715374713163645269566b4730303573702b544468662f526530314e6c496a4348684b6e584a4d47684e6664356a50495a474a30444865223b),
('5omqt8qj54o14gb0tf8v3ahkqnummt6k', '::1', 1638984262, 0x5f5f63695f6c6173745f726567656e65726174657c693a313633383938343236323b7265646972656374696f6e7c4e3b5f5f4143544956455f53455353494f4e5f444154417c733a3235363a223633323336366433643235316262313266323433373435313361313737633465353262386266383566636632326234356437313161346639333636343130373835656561643031626430336434316230343039663938663663383633376533643462333865663434393064333135353438386231366265633035376336373432686a6873713838626f50724a45492f3041345972744f6c6d4d594d516a506551384d48776150307a616b37414f314964493255765641656c674e526f2f42652f627954755731494964715374713163645269566b4730303573702b544468662f526530314e6c496a4348684b6e584a4d47684e6664356a50495a474a30444865223b),
('ae66as95ngb46hjnii3o270cf1ujpbvb', '::1', 1638984685, 0x5f5f63695f6c6173745f726567656e65726174657c693a313633383938343638353b7265646972656374696f6e7c4e3b5f5f4143544956455f53455353494f4e5f444154417c733a3235363a223633323336366433643235316262313266323433373435313361313737633465353262386266383566636632326234356437313161346639333636343130373835656561643031626430336434316230343039663938663663383633376533643462333865663434393064333135353438386231366265633035376336373432686a6873713838626f50724a45492f3041345972744f6c6d4d594d516a506551384d48776150307a616b37414f314964493255765641656c674e526f2f42652f627954755731494964715374713163645269566b4730303573702b544468662f526530314e6c496a4348684b6e584a4d47684e6664356a50495a474a30444865223b),
('0v4vqvsbognkg1qqjlraer4d63c679d5', '::1', 1638985083, 0x5f5f63695f6c6173745f726567656e65726174657c693a313633383938353038333b7265646972656374696f6e7c4e3b5f5f4143544956455f53455353494f4e5f444154417c733a3235363a223633323336366433643235316262313266323433373435313361313737633465353262386266383566636632326234356437313161346639333636343130373835656561643031626430336434316230343039663938663663383633376533643462333865663434393064333135353438386231366265633035376336373432686a6873713838626f50724a45492f3041345972744f6c6d4d594d516a506551384d48776150307a616b37414f314964493255765641656c674e526f2f42652f627954755731494964715374713163645269566b4730303573702b544468662f526530314e6c496a4348684b6e584a4d47684e6664356a50495a474a30444865223b),
('p2bdbh2j71fl78hcc31r431jjfv438vt', '::1', 1638985645, 0x5f5f63695f6c6173745f726567656e65726174657c693a313633383938353634353b7265646972656374696f6e7c4e3b5f5f4143544956455f53455353494f4e5f444154417c733a3235363a226332626566386534303464663862366332376238393964333639663761326530353636303436636435333035663833646162646435346166393630333964363539663466633430323436656262323230666362623030643465623139303937316533386362613164323932613264626263393937376436386636376463306533422b6c5156727137472f597154714748555a5139495037555444684a374563494c4a34676677714547724d6f4261386151592b744f58376c522f3269366558534463734f5446736d4d4a744f6f69657479425a70697275414e46627933626b714b4262487337624e623665796365597471574335594b6943316b522f7255364e223b),
('j589di50vft6l1h709r9u0839cb953rl', '::1', 1638985949, 0x5f5f63695f6c6173745f726567656e65726174657c693a313633383938353934393b7265646972656374696f6e7c4e3b5f5f4143544956455f53455353494f4e5f444154417c733a3235363a223339373434353663363337353035333535346564373038336263316334316332306465663866316363666232386266633362313864316335653936613633343231666261643561653235663163393439656237303734623137646630613563383838343835323333373039666433613234616537376130336337653831313037417857785a525a77776f65534e327544617a4d7358344d593339593477786e4e6c374a51707543304c366a734632386a545774672f3461374c717173554a77314d2f69435845476d45596d53584553647274704a504f7271325474375a447a56644d44444a5a6a513841775441493831535256734c546748746c48462f4f6b53223b),
('agho7qmtjf58rmpnl1tc5rbqin0do3k1', '::1', 1638986250, 0x5f5f63695f6c6173745f726567656e65726174657c693a313633383938363235303b7265646972656374696f6e7c4e3b5f5f4143544956455f53455353494f4e5f444154417c733a3235363a2266383963333562393731366666303030326662313063326162623430626266623564373565333563656432323165656230333537326533356434396663613731336231323163646337376531346237353134663264353831663764313563383735646564616137353432353964636666353330623139633433336632653361336a6447796a473273494574326358413877434e627561347654476b54586b59364e7a4155514957485642487776396f646e566f49556462613376496268592f496d46304959636b382f34755135485474553551535451375879736b4a4f4f6d6276334b365845496b6c7777324f7749547a6b376b4c2b79534e59755a4d6b6b53223b),
('m8h8brhdve9k7tc40hbr8cejehf82j1e', '::1', 1638986600, 0x5f5f63695f6c6173745f726567656e65726174657c693a313633383938363630303b7265646972656374696f6e7c4e3b5f5f4143544956455f53455353494f4e5f444154417c733a3235363a2266383963333562393731366666303030326662313063326162623430626266623564373565333563656432323165656230333537326533356434396663613731336231323163646337376531346237353134663264353831663764313563383735646564616137353432353964636666353330623139633433336632653361336a6447796a473273494574326358413877434e627561347654476b54586b59364e7a4155514957485642487776396f646e566f49556462613376496268592f496d46304959636b382f34755135485474553551535451375879736b4a4f4f6d6276334b365845496b6c7777324f7749547a6b376b4c2b79534e59755a4d6b6b53223b);
INSERT INTO `ci_sessions` (`id`, `ip_address`, `timestamp`, `data`) VALUES
('4sis6mmgfjrb61ue7sich5rt5bumla8h', '::1', 1638986901, 0x5f5f63695f6c6173745f726567656e65726174657c693a313633383938363930313b7265646972656374696f6e7c4e3b5f5f4143544956455f53455353494f4e5f444154417c733a3235363a22636463343830613933613333633631656132666565313063656434313864333430663237396231393738643562383338313534373732383030383837343665373966333966366139333939376465303433376338346663633235633964353366643132356131313734306132656134366264363938653162626331666433656165466967683833633479305249622b39354f69752b7a6f4e795a335a385041393357552b2f684446686b724455493330694f6b796a32644e714770574e686831786462734368476f6b524e4b436431445777346a447467743958554333673639474a2b466b417639746e794574482b773445594a7161584d4e586f51666a3666223b),
('2a8u5jlhtn20f223ckskp059bkkcdopn', '::1', 1638987245, 0x5f5f63695f6c6173745f726567656e65726174657c693a313633383938373234353b7265646972656374696f6e7c4e3b5f5f4143544956455f53455353494f4e5f444154417c733a3235363a226331646239383361313436323239383565326264356531623763316239666238663235326365616438643665313934656334363336653465636335386636633365313330313264333930646433383766333938643438366261326138346235633839303363353831656562643165306661656166356366303665623137356462366d314a4a556e6454753248436357695168684b6f6270692f33436c744c596d6a5a4962365453666c75483541732f736464547365315437694f6161594f3462533858744e6e576a31533877356e376e35726436577333377144695832786d6273764b49574548344a654462514735713636756a6c79504b544d304374433232223b),
('75uvb6vp7i5dvsp9ff1trhi7951kit3c', '::1', 1638987579, 0x5f5f63695f6c6173745f726567656e65726174657c693a313633383938373537393b7265646972656374696f6e7c4e3b5f5f4143544956455f53455353494f4e5f444154417c733a3235363a223862636564323266373638396130656361313039363439633139666435306234613739623930353439303463633263306465393533363134323934373238653831306466373733663235373539363337363465396563313934643064626436316132376130616130653065346563353531666130313531386265363365616465586c57545356775163456b6c6a6a647339576b46486a5a51616a2f4159316657445149676a4f4952396e62346377634d557535636664414867486c61474c4b48597734535575792f325a6c34494c2b554d4b3532306d763341692b37774a6152436a4c56594a7939747a6b61793035466b334a6e3856695a2f4d4b37332b3559223b),
('7c3lc9gbei0585fffs5hee9lffudlvh4', '::1', 1638987911, 0x5f5f63695f6c6173745f726567656e65726174657c693a313633383938373931313b7265646972656374696f6e7c4e3b5f5f4143544956455f53455353494f4e5f444154417c733a3235363a2262353437653934613366376239613264396132313232313638333031626164316566326431353435333134656662393463626238343530396163326134353037333664313635393565356337666666306233623166663933333964643135373835646531353366626234613633306335656266653166373234643266343434396d675651467031614f414149374f65614b4774712f6e6a6e346832556d616c4a4d69555637537232645859746a38394345674c756a344e67357642375664545362364a30567a54646f436163322b6a7451495369564f6e4e2b49503764705068684b354756675a5a53776258376c4e3558676755715068473546643866714130223b),
('fcp2ac3krh1r52ivndhubd4mirlr4g15', '::1', 1638988333, 0x5f5f63695f6c6173745f726567656e65726174657c693a313633383938383333333b7265646972656374696f6e7c4e3b5f5f4143544956455f53455353494f4e5f444154417c733a3235363a2262353437653934613366376239613264396132313232313638333031626164316566326431353435333134656662393463626238343530396163326134353037333664313635393565356337666666306233623166663933333964643135373835646531353366626234613633306335656266653166373234643266343434396d675651467031614f414149374f65614b4774712f6e6a6e346832556d616c4a4d69555637537232645859746a38394345674c756a344e67357642375664545362364a30567a54646f436163322b6a7451495369564f6e4e2b49503764705068684b354756675a5a53776258376c4e3558676755715068473546643866714130223b),
('ab8pirtcjel94l6krca65ka7tu1vn4fg', '::1', 1638988642, 0x5f5f63695f6c6173745f726567656e65726174657c693a313633383938383634323b7265646972656374696f6e7c4e3b5f5f4143544956455f53455353494f4e5f444154417c733a3235363a2264346635663466396561393533663935373030613665363630353034376539326563393163393430313537343338633565626162313961396265356361336135343432643838346661663862346261666633656536343430663132383136363334376332376361353832663338363536613632373964626332643961663936346e422f336d6c386f704b316947746957627167674d596c4d592b782b37317957766d64685458666e44346e32656b36557a4e72654264596853434a74306b545a6b7745476d675678305a533033596371312b6a6a6f336370522f6e62617341494348783534734f7a35782b6f6148684165786768526457766f495170782b3549223b),
('mc9a4h2aa7gid2bj30aucdhhqbf4nqal', '::1', 1638988678, 0x5f5f63695f6c6173745f726567656e65726174657c693a313633383938383634323b7265646972656374696f6e7c4e3b);

-- --------------------------------------------------------

--
-- Table structure for table `contacts`
--

CREATE TABLE `contacts` (
  `id` int(10) NOT NULL,
  `parent_id` int(10) DEFAULT NULL,
  `name` varchar(32) NOT NULL,
  `subject` varchar(128) DEFAULT NULL,
  `email` varchar(64) NOT NULL,
  `message` mediumtext NOT NULL,
  `contact_date` datetime DEFAULT NULL,
  `status` tinyint(1) DEFAULT 1,
  `reply_at` datetime DEFAULT NULL
) ENGINE=InnoDB DEFAULT CHARSET=utf8mb4;

--
-- Dumping data for table `contacts`
--

INSERT INTO `contacts` (`id`, `parent_id`, `name`, `subject`, `email`, `message`, `contact_date`, `status`, `reply_at`) VALUES
(4, NULL, 'Asmarani', 'barang', 'customer@local.test', 'Barangnya Rusak', '2021-12-08 23:31:49', 2, NULL);

-- --------------------------------------------------------

--
-- Table structure for table `customers`
--

CREATE TABLE `customers` (
  `id` bigint(20) NOT NULL,
  `user_id` bigint(20) UNSIGNED DEFAULT NULL,
  `name` varchar(191) NOT NULL,
  `phone_number` varchar(32) DEFAULT NULL,
  `address` varchar(191) NOT NULL,
  `profile_picture` varchar(191) DEFAULT NULL
) ENGINE=InnoDB DEFAULT CHARSET=utf8mb4;

--
-- Dumping data for table `customers`
--

INSERT INTO `customers` (`id`, `user_id`, `name`, `phone_number`, `address`, `profile_picture`) VALUES
(6, 7, 'Asmarani', '081328907767', 'Kabupaten Temanggung, Jawa Tengah', 'code_text_programming_146694_1280x960.jpg'),
(7, 8, 'Fitria', '08227163734', 'Kabupaten Semarang, Jawa Tengah', NULL),
(8, 9, 'wafiq afifah', '0987654321', 'Sumatera Barat', NULL);

-- --------------------------------------------------------

--
-- Table structure for table `orders`
--

CREATE TABLE `orders` (
  `id` bigint(20) NOT NULL,
  `user_id` bigint(20) UNSIGNED DEFAULT NULL,
  `coupon_id` bigint(20) DEFAULT NULL,
  `order_number` varchar(16) NOT NULL,
  `order_status` enum('1','2','3','4','5') DEFAULT '1',
  `order_date` datetime NOT NULL,
  `total_price` decimal(8,2) DEFAULT NULL,
  `total_items` int(10) DEFAULT NULL,
  `payment_method` int(11) DEFAULT 1,
  `delivery_data` text DEFAULT NULL,
  `delivered_date` datetime DEFAULT NULL,
  `finish_date` datetime DEFAULT NULL
) ENGINE=InnoDB DEFAULT CHARSET=utf8mb4;

--
-- Dumping data for table `orders`
--

INSERT INTO `orders` (`id`, `user_id`, `coupon_id`, `order_number`, `order_status`, `order_date`, `total_price`, `total_items`, `payment_method`, `delivery_data`, `delivered_date`, `finish_date`) VALUES
(38, 7, NULL, 'ICZ8122137340', '2', '2021-12-08 22:54:27', '260000.00', 3, 1, '{\"customer\":{\"name\":\"Asmarani\",\"phone_number\":\"081328907767\",\"address\":\"Kabupaten Temanggung, Jawa Tengah\"},\"note\":\"\"}', NULL, NULL),
(39, 7, NULL, 'SXG9122117653', '1', '2021-12-09 00:52:47', '400000.00', 1, 2, '{\"customer\":{\"name\":\"Asmarani\",\"phone_number\":\"081328907767\",\"address\":\"Kabupaten Temanggung, Jawa Tengah\"},\"note\":\"\"}', NULL, NULL),
(40, 7, NULL, 'BLN9122137514', '2', '2021-12-09 01:11:00', '350000.00', 3, 1, '{\"customer\":{\"name\":\"Asmarani\",\"phone_number\":\"081328907767\",\"address\":\"Kabupaten Temanggung, Jawa Tengah\"},\"note\":\"\"}', NULL, NULL);

-- --------------------------------------------------------

--
-- Table structure for table `order_items`
--

CREATE TABLE `order_items` (
  `id` bigint(20) NOT NULL,
  `order_id` bigint(20) DEFAULT NULL,
  `product_id` bigint(20) DEFAULT NULL,
  `order_qty` int(10) NOT NULL,
  `order_price` decimal(8,2) DEFAULT NULL
) ENGINE=InnoDB DEFAULT CHARSET=utf8mb4;

--
-- Dumping data for table `order_items`
--

INSERT INTO `order_items` (`id`, `order_id`, `product_id`, `order_qty`, `order_price`) VALUES
(42, 38, 1, 1, '100000.00'),
(43, 38, 4, 1, '80000.00'),
(44, 38, 8, 1, '80000.00'),
(45, 39, 9, 1, '400000.00'),
(46, 40, 4, 1, '80000.00'),
(47, 40, 11, 1, '150000.00'),
(48, 40, 10, 1, '120000.00');

-- --------------------------------------------------------

--
-- Table structure for table `payments`
--

CREATE TABLE `payments` (
  `id` bigint(20) NOT NULL,
  `order_id` bigint(20) DEFAULT NULL,
  `payment_price` decimal(8,2) DEFAULT NULL,
  `payment_date` datetime NOT NULL,
  `picture_name` varchar(191) DEFAULT NULL,
  `payment_status` enum('1','2','3') DEFAULT '1',
  `confirmed_date` datetime DEFAULT NULL,
  `payment_data` text DEFAULT NULL
) ENGINE=InnoDB DEFAULT CHARSET=utf8mb4;

--
-- Dumping data for table `payments`
--

INSERT INTO `payments` (`id`, `order_id`, `payment_price`, `payment_date`, `picture_name`, `payment_status`, `confirmed_date`, `payment_data`) VALUES
(11, 38, '260000.00', '2021-12-08 23:11:31', 'origami_plane_art_128345_1366x7681.jpg', '2', NULL, '{\"transfer_to\":\"bank-jenius\",\"source\":{\"bank\":\"BRI\",\"name\":\"Asmarani\",\"number\":\"1111111\"}}'),
(12, 40, '350000.00', '2021-12-09 01:11:43', 'zenit_retro_camera_photos_map_107245_1280x960.jpg', '1', NULL, '{\"transfer_to\":\"bank-mandiri\",\"source\":{\"bank\":\"BRI\",\"name\":\"Asmarani\",\"number\":\"222222\"}}');

-- --------------------------------------------------------

--
-- Table structure for table `products`
--

CREATE TABLE `products` (
  `id` bigint(20) NOT NULL,
  `category_id` int(10) DEFAULT NULL,
  `sku` varchar(32) DEFAULT NULL,
  `name` varchar(191) NOT NULL,
  `description` varchar(1000) DEFAULT NULL,
  `picture_name` varchar(191) DEFAULT NULL,
  `price` decimal(8,2) NOT NULL,
  `current_discount` decimal(8,2) DEFAULT 0.00,
  `stock` int(10) NOT NULL,
  `is_available` tinyint(1) DEFAULT 1,
  `add_date` datetime DEFAULT NULL
) ENGINE=InnoDB DEFAULT CHARSET=utf8mb4;

--
-- Dumping data for table `products`
--

INSERT INTO `products` (`id`, `category_id`, `sku`, `name`, `description`, `picture_name`, `price`, `current_discount`, `stock`, `is_available`, `add_date`) VALUES
(1, 1, 'SB750372', 'Bunga Mawar Putih', NULL, 'category-11.jpg', '100000.00', '0.00', 50, 1, '2021-11-26 15:02:52'),
(2, 1, 'BS350420', 'Bunga Mawar Merah', NULL, 'category-31.jpg', '330000.00', '0.00', 10, 1, '2021-11-26 15:03:40'),
(4, 1, 'TS120790', 'Bunga Mawar Merah Ukuran Kecil', NULL, 'category-42.jpg', '80000.00', '0.00', 20, 1, '2021-11-26 19:36:30'),
(5, 1, 'WS120811', 'Bunga Campur', NULL, 'category-51.jpeg', '120000.00', '0.00', 20, 1, '2021-11-26 19:36:51'),
(8, 2, 'PS220885', 'Boneka', NULL, 'category-51.jpg', '80000.00', '0.00', 20, 1, '2021-11-26 19:38:05'),
(9, 2, 'AB450163', 'Kue Lebaran', NULL, 'category-61.jpg', '400000.00', '0.00', 50, 1, '2021-11-26 19:42:43'),
(10, 2, 'BMS120283', 'Paket Lebaran', NULL, 'category-71.jpg', '120000.00', '0.00', 20, 1, '2021-11-26 19:44:42'),
(11, 2, 'URS13301', 'Aneka Buah', NULL, 'category-81.jpg', '150000.00', '0.00', 3, 1, '2021-11-26 19:45:01');

-- --------------------------------------------------------

--
-- Table structure for table `product_category`
--

CREATE TABLE `product_category` (
  `id` int(10) NOT NULL,
  `name` varchar(191) NOT NULL
) ENGINE=InnoDB DEFAULT CHARSET=utf8mb4;

--
-- Dumping data for table `product_category`
--

INSERT INTO `product_category` (`id`, `name`) VALUES
(1, 'Bucket'),
(2, 'Hampers');

-- --------------------------------------------------------

--
-- Table structure for table `settings`
--

CREATE TABLE `settings` (
  `id` int(10) NOT NULL,
  `key` varchar(32) NOT NULL,
  `content` text NOT NULL
) ENGINE=InnoDB DEFAULT CHARSET=utf8mb4;

--
-- Dumping data for table `settings`
--

INSERT INTO `settings` (`id`, `key`, `content`) VALUES
(1, 'current_theme_name', 'lautkitabisa.id'),
(2, 'store_name', 'GIFTIESITI'),
(3, 'store_phone_number', '082248969719'),
(4, 'store_email', 'giftiesiti@gmail.com'),
(5, 'store_tagline', 'Dapatkan Hadian Menarikmu Di Sini'),
(6, 'store_logo', 'Logo.png'),
(7, 'max_product_image_size', '20000'),
(8, 'store_description', ''),
(9, 'store_address', 'Kecamatan Tembalang, Kota Semarang, Provinsi Jawa Tengah'),
(10, 'min_shop_to_free_shipping_cost', '200000'),
(11, 'shipping_cost', '3000'),
(12, 'payment_banks', '{\"bank-jenius\":{\"bank\":\"BANK Jenius\",\"number\":\"123\",\"name\":\"Wafiq\"},\"bank-bri\":{\"bank\":\"BANK BRI\",\"number\":\"xs\",\"name\":\"Anjar\"},\"bank-mandiri\":{\"bank\":\"BANK Mandiri\",\"number\":\"asd\",\"name\":\"Nafa\"},\"bank-bca\":{\"bank\":\"BANK BCA\",\"number\":\"444\",\"name\":\"Rizqi\"}}');

-- --------------------------------------------------------

--
-- Table structure for table `users`
--

CREATE TABLE `users` (
  `id` bigint(20) UNSIGNED NOT NULL,
  `name` varchar(50) COLLATE utf8mb4_unicode_ci DEFAULT NULL,
  `email` varchar(191) COLLATE utf8mb4_unicode_ci NOT NULL,
  `email_verified_at` timestamp NULL DEFAULT NULL,
  `username` varchar(16) COLLATE utf8mb4_unicode_ci NOT NULL,
  `password` varchar(191) COLLATE utf8mb4_unicode_ci NOT NULL,
  `profile_picture` varchar(128) COLLATE utf8mb4_unicode_ci DEFAULT NULL,
  `role` varchar(32) COLLATE utf8mb4_unicode_ci DEFAULT '0' COMMENT '1 = admin, 2 = customer',
  `register_date` datetime DEFAULT NULL
) ENGINE=InnoDB DEFAULT CHARSET=utf8mb4 COLLATE=utf8mb4_unicode_ci;

--
-- Dumping data for table `users`
--

INSERT INTO `users` (`id`, `name`, `email`, `email_verified_at`, `username`, `password`, `profile_picture`, `role`, `register_date`) VALUES
(1, 'Admin', 'admin@local.test', NULL, 'admin', '$2y$10$Brm3RNWFKvZ1e0ej1vBz9.QbFMW21q0l/iDSt5aDOoGj9zlLFuxh6', 'agung1.png', 'admin', NULL),
(7, 'Customer', 'customer@local.test', NULL, 'customer', '$2y$10$6C/A5Yy1gt4yhStWDWN1M.isBaznzDc.MZJdIj7UddW3.qIX5vDvK', NULL, 'customer', '2021-11-29 08:14:30'),
(8, NULL, 'fitria@gmail.com', NULL, 'test', '$2y$10$gj4QxFnTj0dlpwJvT4aJiOM5UW6uCt7MdafC6VrnqsKDi0/JKmsLS', NULL, 'customer', '2021-05-07 10:25:08'),
(9, NULL, 'wafiq@gmail.com', NULL, 'wafiq', '$2y$10$IA0l49H7c46lR7/j38SaCeXTuhDr2P1fEFxTGE01y5UEAallh4Fzy', NULL, 'customer', '2021-12-09 01:17:16');

--
-- Indexes for dumped tables
--

--
-- Indexes for table `ci_sessions`
--
ALTER TABLE `ci_sessions`
  ADD KEY `ci_sessions_timestamp` (`timestamp`);

--
-- Indexes for table `contacts`
--
ALTER TABLE `contacts`
  ADD PRIMARY KEY (`id`),
  ADD KEY `FK_contacts_contacts` (`parent_id`);

--
-- Indexes for table `customers`
--
ALTER TABLE `customers`
  ADD PRIMARY KEY (`id`),
  ADD KEY `FK_customers_users` (`user_id`);

--
-- Indexes for table `orders`
--
ALTER TABLE `orders`
  ADD PRIMARY KEY (`id`),
  ADD KEY `FK_orders_users` (`user_id`);

--
-- Indexes for table `order_items`
--
ALTER TABLE `order_items`
  ADD PRIMARY KEY (`id`),
  ADD KEY `order_id` (`order_id`),
  ADD KEY `product_id` (`product_id`);

--
-- Indexes for table `payments`
--
ALTER TABLE `payments`
  ADD PRIMARY KEY (`id`),
  ADD KEY `order_id` (`order_id`);

--
-- Indexes for table `products`
--
ALTER TABLE `products`
  ADD PRIMARY KEY (`id`),
  ADD KEY `FK_products_product_category` (`category_id`);

--
-- Indexes for table `product_category`
--
ALTER TABLE `product_category`
  ADD PRIMARY KEY (`id`);

--
-- Indexes for table `settings`
--
ALTER TABLE `settings`
  ADD PRIMARY KEY (`id`) USING BTREE;

--
-- Indexes for table `users`
--
ALTER TABLE `users`
  ADD PRIMARY KEY (`id`) USING BTREE,
  ADD UNIQUE KEY `users_email_unique` (`email`) USING BTREE;

--
-- AUTO_INCREMENT for dumped tables
--

--
-- AUTO_INCREMENT for table `contacts`
--
ALTER TABLE `contacts`
  MODIFY `id` int(10) NOT NULL AUTO_INCREMENT, AUTO_INCREMENT=5;

--
-- AUTO_INCREMENT for table `customers`
--
ALTER TABLE `customers`
  MODIFY `id` bigint(20) NOT NULL AUTO_INCREMENT, AUTO_INCREMENT=9;

--
-- AUTO_INCREMENT for table `orders`
--
ALTER TABLE `orders`
  MODIFY `id` bigint(20) NOT NULL AUTO_INCREMENT, AUTO_INCREMENT=41;

--
-- AUTO_INCREMENT for table `order_items`
--
ALTER TABLE `order_items`
  MODIFY `id` bigint(20) NOT NULL AUTO_INCREMENT, AUTO_INCREMENT=49;

--
-- AUTO_INCREMENT for table `payments`
--
ALTER TABLE `payments`
  MODIFY `id` bigint(20) NOT NULL AUTO_INCREMENT, AUTO_INCREMENT=13;

--
-- AUTO_INCREMENT for table `products`
--
ALTER TABLE `products`
  MODIFY `id` bigint(20) NOT NULL AUTO_INCREMENT, AUTO_INCREMENT=15;

--
-- AUTO_INCREMENT for table `product_category`
--
ALTER TABLE `product_category`
  MODIFY `id` int(10) NOT NULL AUTO_INCREMENT, AUTO_INCREMENT=9;

--
-- AUTO_INCREMENT for table `settings`
--
ALTER TABLE `settings`
  MODIFY `id` int(10) NOT NULL AUTO_INCREMENT, AUTO_INCREMENT=13;

--
-- AUTO_INCREMENT for table `users`
--
ALTER TABLE `users`
  MODIFY `id` bigint(20) UNSIGNED NOT NULL AUTO_INCREMENT, AUTO_INCREMENT=10;

--
-- Constraints for dumped tables
--

--
-- Constraints for table `contacts`
--
ALTER TABLE `contacts`
  ADD CONSTRAINT `FK_contacts_contacts` FOREIGN KEY (`parent_id`) REFERENCES `contacts` (`id`) ON DELETE CASCADE ON UPDATE NO ACTION;

--
-- Constraints for table `customers`
--
ALTER TABLE `customers`
  ADD CONSTRAINT `FK_customers_users` FOREIGN KEY (`user_id`) REFERENCES `users` (`id`) ON DELETE NO ACTION ON UPDATE CASCADE;

--
-- Constraints for table `orders`
--
ALTER TABLE `orders`
  ADD CONSTRAINT `FK_orders_users` FOREIGN KEY (`user_id`) REFERENCES `users` (`id`) ON DELETE NO ACTION ON UPDATE CASCADE;

--
-- Constraints for table `order_items`
--
ALTER TABLE `order_items`
  ADD CONSTRAINT `order_items_ibfk_1` FOREIGN KEY (`order_id`) REFERENCES `orders` (`id`) ON DELETE CASCADE ON UPDATE NO ACTION,
  ADD CONSTRAINT `order_items_ibfk_2` FOREIGN KEY (`product_id`) REFERENCES `products` (`id`) ON DELETE CASCADE ON UPDATE NO ACTION;
COMMIT;

/*!40101 SET CHARACTER_SET_CLIENT=@OLD_CHARACTER_SET_CLIENT */;
/*!40101 SET CHARACTER_SET_RESULTS=@OLD_CHARACTER_SET_RESULTS */;
/*!40101 SET COLLATION_CONNECTION=@OLD_COLLATION_CONNECTION */;
